Sinusoidal, 0.1Hz, 2V;;Saturacion;;Sinusoidal, 0.3Hz, 2V;;Saturacion;;Sierra, 0.1Hz, 2V;;Saturacion;;Sierra, 0.3Hz, 2V;;Saturacion;
Corriente;Flujo;Corriente;Flujo;Corriente;Flujo;Corriente;Flujo;Corriente;Flujo;Corriente;Flujo;Corriente;Flujo;Corriente;Flujo
0.002;0;0.596;0.75;0.004;0;0.357;0.7;0.002;0;0.4;0.63;0.002;0;0.254;0.53
0.008;0;;;0.018;0;;;0.006;0;;;0.011;0;;
0.005;0;Integral;0,242 VsA;0.022;0.01;Integral;0,150 VsA;0.004;0;Integral;0,192 VsA;0.006;0.01;Integral;0,116 VsA
0.013;0.01;;;0.048;0.02;;;0.008;0.01;;;0.015;0.02;;
0.02;0.02;;;0.062;0.04;;;0.013;0.01;;;0.025;0.03;;
0.029;0.03;;;0.07;0.07;;;0.018;0.02;;;0.035;0.06;;
0.036;0.05;;;0.076;0.11;;;0.024;0.03;;;0.044;0.08;;
0.043;0.06;;;0.085;0.14;;;0.028;0.04;;;0.052;0.11;;
0.051;0.08;;;0.093;0.19;;;0.033;0.05;;;0.062;0.14;;
0.059;0.1;;;0.104;0.24;;;0.037;0.06;;;0.071;0.18;;
0.068;0.13;;;0.117;0.29;;;0.042;0.08;;;0.084;0.22;;
0.076;0.15;;;0.133;0.34;;;0.047;0.09;;;0.099;0.27;;
0.084;0.18;;;0.149;0.39;;;0.051;0.1;;;0.119;0.32;;
0.093;0.21;;;0.172;0.44;;;0.056;0.12;;;0.145;0.37;;
0.102;0.24;;;0.198;0.49;;;0.06;0.14;;;0.178;0.42;;
0.114;0.27;;;0.229;0.54;;;0.066;0.16;;;0.216;0.47;;
0.126;0.3;;;0.266;0.59;;;0.071;0.18;;;0.263;0.52;;
0.139;0.33;;;0.306;0.63;;;0.077;0.2;;;0.312;0.56;;
0.154;0.37;;;0.345;0.67;;;0.085;0.22;;;0.356;0.6;;
0.172;0.4;;;0.386;0.7;;;0.093;0.25;;;0.392;0.62;;
0.191;0.43;;;0.422;0.72;;;0.103;0.27;;;0.416;0.64;;
0.21;0.47;;;0.452;0.74;;;0.114;0.3;;;0.43;0.65;;
0.233;0.5;;;0.475;0.76;;;0.127;0.32;;;0.436;0.65;;
0.257;0.53;;;0.489;0.76;;;0.141;0.35;;;0.424;0.65;;
0.282;0.56;;;0.493;0.76;;;0.155;0.38;;;0.4;0.64;;
0.31;0.59;;;0.48;0.76;;;0.172;0.4;;;0.37;0.64;;
0.339;0.61;;;0.454;0.76;;;0.19;0.43;;;0.339;0.63;;
0.368;0.63;;;0.421;0.76;;;0.209;0.45;;;0.308;0.63;;
0.398;0.65;;;0.385;0.75;;;0.231;0.48;;;0.278;0.62;;
0.426;0.67;;;0.347;0.74;;;0.253;0.5;;;0.249;0.61;;
0.453;0.69;;;0.31;0.73;;;0.277;0.53;;;0.222;0.59;;
0.477;0.7;;;0.274;0.72;;;0.301;0.55;;;0.196;0.58;;
0.501;0.71;;;0.238;0.7;;;0.326;0.57;;;0.17;0.56;;
0.521;0.72;;;0.204;0.68;;;0.351;0.59;;;0.146;0.54;;
0.539;0.73;;;0.171;0.66;;;0.376;0.61;;;0.122;0.52;;
0.554;0.74;;;0.14;0.63;;;0.4;0.63;;;0.101;0.5;;
0.566;0.74;;;0.111;0.6;;;0.424;0.65;;;0.081;0.47;;
0.576;0.75;;;0.085;0.57;;;0.443;0.66;;;0.062;0.44;;
0.584;0.75;;;0.06;0.53;;;0.457;0.67;;;0.043;0.41;;
0.589;0.75;;;0.038;0.49;;;0.466;0.67;;;0.026;0.37;;
0.594;0.75;;;0.019;0.44;;;0.471;0.67;;;0.012;0.33;;
0.596;0.75;;;0.003;0.39;;;0.471;0.67;;;-0.002;0.29;;
0.596;0.75;;;-0.011;0.34;;;0.466;0.67;;;-0.013;0.24;;
0.593;0.75;;;-0.024;0.29;;;0.456;0.67;;;-0.024;0.19;;
0.588;0.75;;;-0.036;0.24;;;0.443;0.67;;;-0.035;0.14;;
0.582;0.75;;;-0.048;0.19;;;0.43;0.67;;;-0.046;0.09;;
0.575;0.75;;;-0.059;0.14;;;0.416;0.67;;;-0.059;0.04;;
0.567;0.75;;;-0.073;0.08;;;0.402;0.67;;;-0.07;-0.01;;
0.557;0.75;;;-0.086;0.03;;;0.388;0.66;;;-0.085;-0.06;;
0.547;0.75;;;-0.102;-0.02;;;0.374;0.66;;;-0.1;-0.11;;
0.536;0.75;;;-0.117;-0.07;;;0.36;0.66;;;-0.117;-0.16;;
0.524;0.75;;;-0.136;-0.12;;;0.346;0.65;;;-0.135;-0.22;;
0.512;0.75;;;-0.155;-0.17;;;0.332;0.65;;;-0.152;-0.27;;
0.498;0.74;;;-0.178;-0.22;;;0.319;0.65;;;-0.169;-0.32;;
0.484;0.74;;;-0.203;-0.27;;;0.305;0.64;;;-0.185;-0.36;;
0.47;0.74;;;-0.229;-0.32;;;0.291;0.64;;;-0.202;-0.39;;
0.456;0.74;;;-0.256;-0.36;;;0.278;0.63;;;-0.215;-0.42;;
0.439;0.74;;;-0.282;-0.39;;;0.266;0.63;;;-0.227;-0.44;;
0.423;0.73;;;-0.305;-0.42;;;0.253;0.62;;;-0.235;-0.45;;
0.407;0.73;;;-0.325;-0.44;;;0.24;0.62;;;-0.239;-0.46;;
0.39;0.73;;;-0.338;-0.45;;;0.228;0.61;;;-0.24;-0.46;;
0.372;0.72;;;-0.342;-0.45;;;0.215;0.61;;;-0.229;-0.46;;
0.355;0.72;;;-0.335;-0.45;;;0.203;0.6;;;-0.209;-0.45;;
0.338;0.71;;;-0.31;-0.45;;;0.191;0.59;;;-0.185;-0.44;;
0.32;0.7;;;-0.278;-0.44;;;0.179;0.58;;;-0.163;-0.43;;
0.302;0.7;;;-0.243;-0.43;;;0.167;0.57;;;-0.139;-0.42;;
0.284;0.69;;;-0.21;-0.42;;;0.156;0.57;;;-0.117;-0.41;;
0.266;0.68;;;-0.178;-0.4;;;0.145;0.56;;;-0.096;-0.39;;
0.248;0.67;;;-0.147;-0.38;;;0.134;0.55;;;-0.076;-0.37;;
0.231;0.66;;;-0.118;-0.36;;;0.122;0.53;;;-0.059;-0.35;;
0.213;0.65;;;-0.092;-0.33;;;0.112;0.52;;;-0.042;-0.32;;
0.195;0.64;;;-0.069;-0.3;;;0.102;0.51;;;-0.026;-0.29;;
0.178;0.63;;;-0.046;-0.26;;;0.091;0.5;;;-0.012;-0.26;;
0.162;0.61;;;-0.026;-0.22;;;0.082;0.48;;;0.001;-0.22;;
0.144;0.6;;;-0.009;-0.17;;;0.071;0.47;;;0.013;-0.18;;
0.13;0.58;;;0.005;-0.12;;;0.063;0.45;;;0.022;-0.14;;
0.114;0.56;;;0.018;-0.07;;;0.053;0.44;;;0.032;-0.09;;
0.099;0.54;;;0.03;-0.02;;;0.045;0.42;;;0.042;-0.04;;
0.084;0.52;;;0.042;0.03;;;0.036;0.4;;;0.052;0.02;;
0.07;0.5;;;0.054;0.08;;;0.028;0.38;;;0.063;0.07;;
0.057;0.48;;;0.065;0.13;;;0.02;0.36;;;0.075;0.12;;
0.044;0.45;;;0.078;0.18;;;0.013;0.34;;;0.089;0.17;;
0.032;0.43;;;0.092;0.24;;;0.005;0.32;;;0.105;0.22;;
0.021;0.4;;;0.107;0.29;;;-0.001;0.3;;;0.123;0.27;;
0.011;0.37;;;0.124;0.34;;;-0.007;0.27;;;0.142;0.32;;
0.002;0.34;;;0.143;0.39;;;-0.013;0.25;;;0.163;0.37;;
-0.007;0.3;;;0.164;0.44;;;-0.019;0.22;;;0.184;0.42;;
-0.015;0.27;;;0.189;0.49;;;-0.024;0.2;;;0.204;0.45;;
-0.023;0.23;;;0.215;0.54;;;-0.03;0.17;;;0.224;0.48;;
-0.032;0.19;;;0.245;0.58;;;-0.035;0.14;;;0.24;0.5;;
-0.038;0.15;;;0.276;0.62;;;-0.042;0.11;;;0.252;0.52;;
-0.047;0.11;;;0.303;0.65;;;-0.048;0.07;;;0.259;0.53;;
-0.055;0.06;;;0.327;0.67;;;-0.054;0.04;;;0.261;0.53;;
-0.064;0.02;;;0.344;0.69;;;-0.06;0.01;;;0.252;0.53;;
-0.073;-0.03;;;0.355;0.69;;;-0.067;-0.03;;;0.232;0.52;;
-0.083;-0.08;;;0.357;0.7;;;-0.074;-0.07;;;0.207;0.52;;
-0.094;-0.12;;;0.339;0.69;;;-0.081;-0.1;;;0.182;0.51;;
-0.105;-0.17;;;0.309;0.69;;;-0.088;-0.14;;;0.158;0.5;;
-0.117;-0.22;;;0.275;0.68;;;-0.097;-0.18;;;0.134;0.49;;
-0.131;-0.27;;;0.24;0.67;;;-0.106;-0.22;;;0.113;0.47;;
-0.146;-0.32;;;0.205;0.66;;;-0.116;-0.26;;;0.092;0.45;;
-0.163;-0.37;;;0.173;0.64;;;-0.127;-0.3;;;0.073;0.43;;
-0.181;-0.42;;;0.143;0.62;;;-0.139;-0.34;;;0.055;0.41;;
-0.202;-0.46;;;0.115;0.59;;;-0.152;-0.39;;;0.038;0.38;;
-0.225;-0.51;;;0.089;0.56;;;-0.167;-0.43;;;0.024;0.35;;
-0.25;-0.55;;;0.065;0.53;;;-0.184;-0.47;;;0.009;0.31;;
-0.279;-0.59;;;0.043;0.49;;;-0.203;-0.51;;;-0.003;0.28;;
-0.31;-0.62;;;0.024;0.45;;;-0.227;-0.55;;;-0.013;0.23;;
-0.344;-0.66;;;0.007;0.4;;;-0.252;-0.59;;;-0.024;0.19;;
-0.379;-0.68;;;-0.007;0.35;;;-0.279;-0.63;;;-0.034;0.14;;
-0.413;-0.71;;;-0.02;0.3;;;-0.304;-0.65;;;-0.044;0.08;;
-0.447;-0.73;;;-0.032;0.25;;;-0.328;-0.68;;;-0.054;0.03;;
-0.477;-0.75;;;-0.043;0.2;;;-0.349;-0.69;;;-0.066;-0.02;;
-0.503;-0.76;;;-0.056;0.15;;;-0.367;-0.71;;;-0.079;-0.07;;
-0.526;-0.77;;;-0.068;0.1;;;-0.381;-0.72;;;-0.095;-0.12;;
-0.544;-0.78;;;-0.081;0.05;;;-0.392;-0.73;;;-0.112;-0.17;;
-0.557;-0.78;;;-0.096;-0.01;;;-0.398;-0.73;;;-0.131;-0.22;;
-0.568;-0.79;;;-0.111;-0.06;;;-0.403;-0.73;;;-0.151;-0.27;;
-0.574;-0.79;;;-0.129;-0.11;;;-0.402;-0.73;;;-0.172;-0.32;;
-0.577;-0.79;;;-0.148;-0.16;;;-0.394;-0.73;;;-0.194;-0.37;;
-0.579;-0.79;;;-0.171;-0.21;;;-0.383;-0.73;;;-0.214;-0.4;;
-0.575;-0.79;;;-0.196;-0.26;;;-0.369;-0.73;;;-0.232;-0.43;;
-0.568;-0.79;;;-0.223;-0.31;;;-0.355;-0.73;;;-0.246;-0.45;;
-0.558;-0.79;;;-0.252;-0.35;;;-0.343;-0.72;;;-0.258;-0.47;;
-0.548;-0.79;;;-0.281;-0.39;;;-0.33;-0.72;;;-0.265;-0.48;;
-0.538;-0.79;;;-0.308;-0.42;;;-0.316;-0.72;;;-0.266;-0.48;;
-0.526;-0.79;;;-0.332;-0.44;;;-0.302;-0.72;;;-0.258;-0.48;;
-0.514;-0.78;;;-0.348;-0.45;;;-0.289;-0.71;;;-0.237;-0.47;;
-0.501;-0.78;;;-0.357;-0.46;;;-0.277;-0.71;;;-0.214;-0.47;;
-0.487;-0.78;;;-0.357;-0.46;;;-0.264;-0.7;;;-0.19;-0.46;;
-0.472;-0.78;;;-0.338;-0.46;;;-0.251;-0.7;;;-0.165;-0.45;;
-0.457;-0.78;;;-0.308;-0.45;;;-0.238;-0.69;;;-0.141;-0.44;;
-0.442;-0.77;;;-0.274;-0.44;;;-0.226;-0.69;;;-0.119;-0.42;;
-0.425;-0.77;;;-0.238;-0.43;;;-0.214;-0.68;;;-0.098;-0.4;;
-0.409;-0.77;;;-0.205;-0.42;;;-0.202;-0.68;;;-0.079;-0.38;;
-0.393;-0.76;;;-0.172;-0.4;;;-0.191;-0.67;;;-0.06;-0.36;;
-0.376;-0.76;;;-0.143;-0.38;;;-0.178;-0.66;;;-0.043;-0.33;;
-0.357;-0.76;;;-0.114;-0.35;;;-0.168;-0.66;;;-0.028;-0.3;;
-0.341;-0.75;;;-0.088;-0.32;;;-0.157;-0.65;;;-0.013;-0.26;;
-0.322;-0.74;;;-0.065;-0.29;;;-0.145;-0.64;;;-0.001;-0.23;;
-0.304;-0.74;;;-0.043;-0.25;;;-0.135;-0.63;;;0.012;-0.18;;
-0.286;-0.73;;;-0.023;-0.21;;;-0.124;-0.62;;;0.021;-0.14;;
-0.269;-0.72;;;-0.006;-0.16;;;-0.114;-0.61;;;0.031;-0.09;;
-0.251;-0.71;;;0.007;-0.11;;;-0.103;-0.6;;;0.042;-0.04;;
-0.233;-0.7;;;0.02;-0.06;;;-0.093;-0.59;;;0.052;0.01;;
-0.216;-0.69;;;0.032;-0.01;;;-0.084;-0.57;;;0.064;0.07;;
-0.199;-0.68;;;0.044;0.04;;;-0.074;-0.56;;;0.075;0.12;;
-0.181;-0.67;;;0.056;0.09;;;-0.065;-0.55;;;0.089;0.17;;
-0.165;-0.66;;;0.068;0.15;;;-0.057;-0.53;;;0.105;0.22;;
-0.147;-0.64;;;0.081;0.2;;;-0.048;-0.51;;;0.123;0.27;;
-0.132;-0.63;;;0.096;0.25;;;-0.039;-0.5;;;0.142;0.32;;
-0.117;-0.61;;;0.111;0.3;;;-0.031;-0.48;;;0.162;0.37;;
-0.102;-0.59;;;0.129;0.35;;;-0.024;-0.46;;;0.181;0.42;;
-0.087;-0.57;;;0.147;0.4;;;-0.015;-0.44;;;0.201;0.45;;
-0.073;-0.55;;;0.17;0.45;;;-0.009;-0.42;;;0.219;0.48;;
-0.059;-0.53;;;0.195;0.5;;;-0.002;-0.4;;;0.234;0.5;;
-0.046;-0.5;;;0.221;0.55;;;0.004;-0.37;;;0.245;0.51;;
-0.035;-0.47;;;0.25;0.59;;;0.011;-0.35;;;0.253;0.52;;
-0.024;-0.45;;;0.28;0.63;;;0.017;-0.32;;;0.254;0.53;;
-0.013;-0.42;;;0.307;0.66;;;0.021;-0.3;;;0.245;0.52;;
-0.004;-0.38;;;0.33;0.68;;;0.028;-0.27;;;0.226;0.52;;
0.005;-0.35;;;0.346;0.69;;;0.033;-0.24;;;0.202;0.51;;
0.013;-0.32;;;0.354;0.7;;;0.037;-0.21;;;0.177;0.51;;
0.021;-0.28;;;0.352;0.7;;;0.043;-0.18;;;0.153;0.49;;
0.028;-0.24;;;0.331;0.69;;;0.05;-0.14;;;0.131;0.48;;
0.036;-0.2;;;0.299;0.69;;;0.056;-0.11;;;0.108;0.47;;
0.044;-0.16;;;0.265;0.68;;;0.062;-0.08;;;0.088;0.45;;
0.052;-0.11;;;0.231;0.67;;;0.068;-0.04;;;0.07;0.42;;
0.061;-0.07;;;0.197;0.65;;;0.075;0;;;0.051;0.4;;
0.07;-0.02;;;0.165;0.64;;;0.083;0.03;;;0.035;0.37;;
0.08;0.02;;;0.136;0.61;;;0.09;0.07;;;0.021;0.34;;
0.089;0.07;;;0.107;0.59;;;0.1;0.11;;;0.007;0.31;;
0.1;0.12;;;0.082;0.56;;;0.109;0.15;;;-0.005;0.27;;
0.112;0.17;;;0.059;0.52;;;0.119;0.19;;;-0.016;0.22;;
0.125;0.22;;;0.037;0.48;;;0.131;0.24;;;-0.026;0.18;;
0.139;0.27;;;0.018;0.44;;;0.143;0.28;;;-0.036;0.13;;
0.154;0.32;;;0.003;0.39;;;0.158;0.32;;;-0.046;0.07;;
0.172;0.37;;;-0.011;0.34;;;0.174;0.36;;;-0.057;0.02;;
0.191;0.41;;;-0.022;0.29;;;0.194;0.41;;;-0.068;-0.03;;
0.214;0.46;;;-0.035;0.24;;;0.216;0.45;;;-0.082;-0.08;;
0.239;0.5;;;-0.047;0.19;;;0.242;0.49;;;-0.097;-0.13;;
0.268;0.54;;;-0.059;0.14;;;0.269;0.52;;;-0.115;-0.18;;
0.299;0.58;;;-0.071;0.09;;;0.295;0.55;;;-0.135;-0.23;;
0.333;0.61;;;-0.085;0.03;;;0.321;0.58;;;-0.155;-0.28;;
0.368;0.64;;;-0.099;-0.02;;;0.342;0.6;;;-0.177;-0.33;;
0.403;0.67;;;-0.116;-0.07;;;0.361;0.61;;;-0.199;-0.38;;
0.438;0.69;;;-0.133;-0.12;;;0.376;0.62;;;-0.219;-0.41;;
0.469;0.71;;;-0.153;-0.17;;;0.387;0.63;;;-0.237;-0.44;;
0.496;0.72;;;-0.177;-0.22;;;0.394;0.63;;;-0.253;-0.46;;
0.52;0.73;;;-0.203;-0.27;;;0.397;0.64;;;-0.263;-0.47;;
0.54;0.74;;;-0.231;-0.32;;;0.396;0.64;;;-0.269;-0.48;;
0.555;0.75;;;-0.26;-0.36;;;0.388;0.64;;;-0.27;-0.48;;
0.566;0.75;;;-0.291;-0.4;;;0.377;0.63;;;-0.258;-0.48;;
0.573;0.75;;;-0.317;-0.42;;;0.364;0.63;;;-0.236;-0.47;;
0.576;0.76;;;-0.339;-0.44;;;0.351;0.63;;;-0.212;-0.47;;
0.577;0.76;;;-0.352;-0.45;;;0.339;0.63;;;-0.187;-0.46;;
0.573;0.76;;;-0.359;-0.46;;;0.325;0.63;;;-0.162;-0.45;;
0.567;0.76;;;-0.355;-0.46;;;0.312;0.62;;;-0.14;-0.43;;
0.557;0.75;;;-0.332;-0.45;;;0.298;0.62;;;-0.118;-0.42;;
0.547;0.75;;;-0.299;-0.45;;;0.285;0.62;;;-0.096;-0.4;;
0.536;0.75;;;-0.265;-0.44;;;0.272;0.61;;;-0.076;-0.38;;
0.525;0.75;;;-0.23;-0.43;;;0.259;0.61;;;-0.059;-0.35;;
0.513;0.75;;;-0.196;-0.41;;;0.246;0.6;;;-0.042;-0.33;;
0.5;0.75;;;-0.165;-0.39;;;0.234;0.6;;;-0.026;-0.29;;
0.486;0.75;;;-0.135;-0.37;;;0.222;0.59;;;-0.012;-0.26;;
0.471;0.75;;;-0.107;-0.34;;;0.209;0.59;;;0.001;-0.22;;
0.457;0.74;;;-0.082;-0.31;;;0.197;0.58;;;0.012;-0.18;;
0.441;0.74;;;-0.059;-0.28;;;0.186;0.58;;;0.022;-0.13;;
0.424;0.74;;;-0.037;-0.24;;;0.174;0.57;;;0.032;-0.08;;
0.408;0.73;;;-0.018;-0.19;;;0.162;0.56;;;0.043;-0.03;;
0.392;0.73;;;-0.003;-0.14;;;0.151;0.55;;;0.053;0.02;;
0.374;0.73;;;0.011;-0.09;;;0.14;0.54;;;0.065;0.07;;
0.356;0.72;;;0.023;-0.04;;;0.129;0.53;;;0.077;0.12;;
0.339;0.72;;;0.035;0.01;;;0.118;0.52;;;0.091;0.17;;
0.322;0.71;;;0.047;0.06;;;0.108;0.51;;;0.108;0.22;;
0.303;0.7;;;0.059;0.11;;;0.098;0.5;;;0.126;0.28;;
0.285;0.7;;;0.071;0.16;;;0.088;0.49;;;0.144;0.33;;
0.267;0.69;;;0.085;0.21;;;0.079;0.48;;;0.164;0.38;;
0.249;0.68;;;0.099;0.26;;;0.07;0.46;;;0.184;0.42;;
0.232;0.67;;;0.116;0.32;;;0.06;0.45;;;0.203;0.46;;
0.213;0.66;;;0.133;0.37;;;0.051;0.43;;;0.221;0.48;;
0.197;0.65;;;0.152;0.42;;;0.043;0.42;;;0.235;0.5;;
0.18;0.64;;;0.175;0.47;;;0.035;0.4;;;0.246;0.52;;
0.164;0.62;;;0.201;0.52;;;0.027;0.38;;;0.252;0.53;;
0.146;0.61;;;0.229;0.57;;;0.02;0.36;;;0.253;0.53;;
0.13;0.59;;;0.259;0.61;;;0.012;0.34;;;0.243;0.53;;
0.116;0.57;;;0.287;0.64;;;0.005;0.32;;;0.222;0.52;;
0.1;0.56;;;0.314;0.67;;;-0.002;0.3;;;0.198;0.51;;
0.086;0.54;;;;;;;-0.007;0.27;;;0.173;0.51;;
0.071;0.51;;;;;;;-0.013;0.25;;;0.149;0.49;;
0.059;0.49;;;;;;;-0.02;0.22;;;0.127;0.48;;
0.046;0.47;;;;;;;-0.025;0.19;;;0.105;0.46;;
0.033;0.44;;;;;;;-0.03;0.16;;;0.086;0.45;;
0.022;0.41;;;;;;;-0.035;0.13;;;0.066;0.42;;
0.013;0.38;;;;;;;-0.041;0.11;;;0.049;0.4;;
0.003;0.35;;;;;;;-0.048;0.07;;;0.033;0.37;;
-0.005;0.32;;;;;;;-0.053;0.04;;;0.018;0.34;;
-0.015;0.28;;;;;;;-0.059;0.01;;;0.005;0.3;;
-0.022;0.24;;;;;;;-0.066;-0.03;;;-0.007;0.26;;
-0.03;0.2;;;;;;;-0.073;-0.07;;;-0.017;0.22;;
-0.037;0.16;;;;;;;-0.08;-0.1;;;-0.027;0.17;;
-0.045;0.12;;;;;;;-0.087;-0.14;;;-0.036;0.12;;
-0.053;0.08;;;;;;;-0.097;-0.18;;;-0.047;0.07;;
-0.062;0.03;;;;;;;-0.105;-0.22;;;-0.058;0.02;;
-0.071;-0.01;;;;;;;-0.115;-0.26;;;-0.07;-0.03;;
-0.08;-0.06;;;;;;;-0.125;-0.3;;;-0.083;-0.09;;
-0.091;-0.11;;;;;;;-0.138;-0.34;;;-0.099;-0.14;;
-0.102;-0.16;;;;;;;-0.151;-0.39;;;-0.117;-0.19;;
-0.114;-0.21;;;;;;;-0.167;-0.43;;;-0.137;-0.24;;
-0.128;-0.26;;;;;;;-0.184;-0.47;;;-0.158;-0.29;;
-0.141;-0.3;;;;;;;-0.204;-0.51;;;-0.179;-0.34;;
-0.158;-0.35;;;;;;;-0.228;-0.55;;;-0.202;-0.38;;
-0.175;-0.4;;;;;;;-0.254;-0.59;;;-0.222;-0.41;;
-0.196;-0.45;;;;;;;-0.28;-0.62;;;-0.24;-0.44;;
-0.218;-0.49;;;;;;;-0.306;-0.65;;;-0.255;-0.46;;
-0.243;-0.54;;;;;;;-0.331;-0.67;;;-0.265;-0.47;;
-0.273;-0.58;;;;;;;-0.352;-0.69;;;-0.27;-0.48;;
-0.303;-0.61;;;;;;;-0.37;-0.7;;;-0.27;-0.48;;
-0.338;-0.65;;;;;;;-0.385;-0.71;;;-0.256;-0.48;;
-0.372;-0.67;;;;;;;-0.395;-0.72;;;-0.234;-0.47;;
-0.407;-0.7;;;;;;;-0.402;-0.72;;;-0.208;-0.47;;
-0.441;-0.72;;;;;;;-0.404;-0.73;;;-0.184;-0.46;;
-0.472;-0.74;;;;;;;-0.403;-0.73;;;-0.159;-0.44;;
-0.5;-0.75;;;;;;;-0.394;-0.72;;;-0.137;-0.43;;
-0.523;-0.76;;;;;;;-0.382;-0.72;;;-0.114;-0.41;;
-0.542;-0.77;;;;;;;-0.369;-0.72;;;-0.093;-0.4;;
-0.557;-0.78;;;;;;;-0.356;-0.72;;;-0.074;-0.37;;
-0.567;-0.78;;;;;;;-0.343;-0.72;;;-0.056;-0.35;;
-0.575;-0.78;;;;;;;-0.33;-0.71;;;-0.04;-0.32;;
-0.578;-0.78;;;;;;;-0.317;-0.71;;;-0.025;-0.29;;
-0.579;-0.78;;;;;;;-0.304;-0.71;;;-0.011;-0.25;;
-0.575;-0.78;;;;;;;-0.29;-0.7;;;0.002;-0.22;;
-0.569;-0.78;;;;;;;-0.278;-0.7;;;0.013;-0.17;;
-0.56;-0.78;;;;;;;-0.264;-0.7;;;0.024;-0.13;;
-0.551;-0.78;;;;;;;-0.251;-0.69;;;0.034;-0.07;;
-0.54;-0.78;;;;;;;-0.238;-0.69;;;0.044;-0.02;;
-0.529;-0.78;;;;;;;-0.227;-0.68;;;0.055;0.03;;
-0.516;-0.78;;;;;;;-0.214;-0.68;;;0.066;0.08;;
-0.503;-0.78;;;;;;;-0.203;-0.67;;;0.079;0.13;;
-0.489;-0.77;;;;;;;-0.191;-0.66;;;0.093;0.18;;
-0.475;-0.77;;;;;;;-0.179;-0.66;;;0.111;0.23;;
-0.46;-0.77;;;;;;;-0.169;-0.65;;;0.129;0.28;;
-0.445;-0.77;;;;;;;-0.157;-0.64;;;0.148;0.33;;
-0.428;-0.76;;;;;;;-0.146;-0.63;;;0.167;0.38;;
-0.412;-0.76;;;;;;;-0.136;-0.62;;;0.187;0.43;;
-0.395;-0.76;;;;;;;-0.125;-0.61;;;0.206;0.46;;
-0.379;-0.75;;;;;;;-0.114;-0.6;;;0.224;0.49;;
-0.36;-0.75;;;;;;;-0.104;-0.59;;;0.237;0.51;;
-0.343;-0.74;;;;;;;-0.095;-0.58;;;0.248;0.52;;
-0.325;-0.74;;;;;;;-0.085;-0.57;;;0.253;0.53;;
-0.307;-0.73;;;;;;;-0.075;-0.55;;;0.254;0.53;;
-0.289;-0.72;;;;;;;-0.067;-0.54;;;0.24;0.53;;
-0.271;-0.72;;;;;;;-0.058;-0.52;;;0.22;0.52;;
-0.254;-0.71;;;;;;;-0.049;-0.51;;;0.195;0.51;;
-0.236;-0.7;;;;;;;-0.04;-0.49;;;0.171;0.5;;
-0.219;-0.69;;;;;;;-0.032;-0.47;;;;;;
-0.202;-0.68;;;;;;;-0.025;-0.46;;;;;;
-0.184;-0.66;;;;;;;-0.017;-0.44;;;;;;
-0.168;-0.65;;;;;;;-0.01;-0.42;;;;;;
-0.15;-0.64;;;;;;;-0.004;-0.39;;;;;;
-0.135;-0.62;;;;;;;0.003;-0.37;;;;;;
-0.119;-0.6;;;;;;;0.009;-0.35;;;;;;
-0.103;-0.58;;;;;;;0.014;-0.33;;;;;;
-0.089;-0.57;;;;;;;0.02;-0.3;;;;;;
-0.075;-0.54;;;;;;;0.025;-0.27;;;;;;
-0.062;-0.52;;;;;;;0.03;-0.25;;;;;;
-0.05;-0.5;;;;;;;0.035;-0.22;;;;;;
-0.036;-0.47;;;;;;;0.041;-0.19;;;;;;
-0.025;-0.44;;;;;;;0.046;-0.16;;;;;;
-0.015;-0.41;;;;;;;0.052;-0.12;;;;;;
-0.005;-0.38;;;;;;;0.059;-0.09;;;;;;
0.004;-0.35;;;;;;;0.066;-0.05;;;;;;
0.013;-0.32;;;;;;;0.072;-0.01;;;;;;
0.02;-0.28;;;;;;;0.08;0.02;;;;;;
0.028;-0.24;;;;;;;0.087;0.06;;;;;;
0.035;-0.2;;;;;;;0.096;0.1;;;;;;
0.043;-0.16;;;;;;;0.105;0.14;;;;;;
0.052;-0.11;;;;;;;0.115;0.18;;;;;;
0.06;-0.07;;;;;;;0.126;0.23;;;;;;
0.069;-0.02;;;;;;;0.137;0.27;;;;;;
0.078;0.02;;;;;;;0.151;0.31;;;;;;
0.088;0.07;;;;;;;0.167;0.35;;;;;;
0.099;0.12;;;;;;;0.184;0.4;;;;;;
0.11;0.17;;;;;;;0.206;0.44;;;;;;
0.123;0.22;;;;;;;0.232;0.48;;;;;;
0.137;0.27;;;;;;;0.258;0.52;;;;;;
0.151;0.32;;;;;;;0.284;0.55;;;;;;
0.169;0.37;;;;;;;0.309;0.57;;;;;;
0.188;0.41;;;;;;;0.333;0.59;;;;;;
0.21;0.46;;;;;;;0.352;0.61;;;;;;
0.235;0.5;;;;;;;0.368;0.62;;;;;;
0.263;0.54;;;;;;;0.381;0.63;;;;;;
0.293;0.58;;;;;;;0.389;0.64;;;;;;
0.327;0.61;;;;;;;0.394;0.64;;;;;;
0.361;0.64;;;;;;;0.395;0.64;;;;;;
0.397;0.67;;;;;;;0.39;0.64;;;;;;
0.431;0.69;;;;;;;0.38;0.64;;;;;;
0.463;0.71;;;;;;;0.368;0.64;;;;;;
0.492;0.73;;;;;;;0.355;0.64;;;;;;
0.517;0.74;;;;;;;0.342;0.63;;;;;;
0.537;0.75;;;;;;;0.328;0.63;;;;;;
0.553;0.75;;;;;;;0.314;0.63;;;;;;
0.565;0.76;;;;;;;0.3;0.63;;;;;;
0.572;0.76;;;;;;;0.287;0.62;;;;;;
0.576;0.76;;;;;;;0.274;0.62;;;;;;
0.577;0.76;;;;;;;0.262;0.61;;;;;;
0.574;0.76;;;;;;;0.247;0.61;;;;;;
0.568;0.76;;;;;;;0.235;0.61;;;;;;
0.559;0.76;;;;;;;0.223;0.6;;;;;;
0.549;0.76;;;;;;;0.21;0.59;;;;;;
0.539;0.76;;;;;;;0.199;0.59;;;;;;
0.528;0.76;;;;;;;0.186;0.58;;;;;;
0.515;0.76;;;;;;;0.174;0.57;;;;;;
0.501;0.76;;;;;;;0.163;0.57;;;;;;
0.488;0.75;;;;;;;0.151;0.56;;;;;;
0.473;0.75;;;;;;;0.14;0.55;;;;;;
0.459;0.75;;;;;;;0.129;0.54;;;;;;
0.444;0.75;;;;;;;0.119;0.53;;;;;;
0.428;0.74;;;;;;;0.109;0.52;;;;;;
0.411;0.74;;;;;;;0.099;0.51;;;;;;
0.394;0.74;;;;;;;0.089;0.49;;;;;;
0.377;0.73;;;;;;;0.08;0.48;;;;;;
0.359;0.73;;;;;;;0.071;0.47;;;;;;
0.343;0.72;;;;;;;0.06;0.45;;;;;;
0.325;0.72;;;;;;;0.051;0.44;;;;;;
0.306;0.71;;;;;;;0.043;0.42;;;;;;
0.288;0.71;;;;;;;0.035;0.41;;;;;;
0.271;0.7;;;;;;;0.027;0.39;;;;;;
0.253;0.69;;;;;;;0.02;0.37;;;;;;
0.234;0.68;;;;;;;0.013;0.35;;;;;;
0.216;0.67;;;;;;;0.006;0.33;;;;;;
0.2;0.66;;;;;;;-0.001;0.31;;;;;;
0.183;0.65;;;;;;;-0.007;0.28;;;;;;
0.167;0.63;;;;;;;-0.012;0.26;;;;;;
0.149;0.62;;;;;;;-0.017;0.23;;;;;;
0.133;0.6;;;;;;;-0.023;0.21;;;;;;
0.117;0.58;;;;;;;-0.029;0.18;;;;;;
0.103;0.57;;;;;;;-0.033;0.15;;;;;;
0.088;0.55;;;;;;;-0.039;0.12;;;;;;
0.073;0.52;;;;;;;-0.045;0.09;;;;;;
0.061;0.5;;;;;;;-0.051;0.06;;;;;;
0.048;0.48;;;;;;;-0.057;0.02;;;;;;
0.035;0.45;;;;;;;-0.063;-0.01;;;;;;
0.025;0.42;;;;;;;-0.07;-0.05;;;;;;
0.014;0.39;;;;;;;-0.076;-0.08;;;;;;
0.004;0.36;;;;;;;-0.084;-0.12;;;;;;
-0.004;0.33;;;;;;;-0.092;-0.16;;;;;;
-0.013;0.29;;;;;;;-0.101;-0.2;;;;;;
-0.021;0.26;;;;;;;-0.111;-0.24;;;;;;
-0.029;0.22;;;;;;;-0.121;-0.28;;;;;;
-0.036;0.18;;;;;;;-0.133;-0.32;;;;;;
-0.044;0.14;;;;;;;-0.146;-0.37;;;;;;
-0.052;0.09;;;;;;;-0.161;-0.41;;;;;;
-0.06;0.05;;;;;;;-0.178;-0.45;;;;;;
-0.07;0;;;;;;;-0.197;-0.49;;;;;;
-0.079;-0.05;;;;;;;-0.219;-0.53;;;;;;
-0.089;-0.09;;;;;;;-0.245;-0.57;;;;;;
-0.1;-0.14;;;;;;;-0.272;-0.61;;;;;;
-0.112;-0.19;;;;;;;-0.296;-0.64;;;;;;
-0.125;-0.24;;;;;;;-0.321;-0.66;;;;;;
-0.139;-0.29;;;;;;;-0.343;-0.68;;;;;;
-0.154;-0.34;;;;;;;-0.361;-0.69;;;;;;
-0.172;-0.39;;;;;;;-0.377;-0.7;;;;;;
-0.192;-0.43;;;;;;;-0.387;-0.71;;;;;;
-0.214;-0.48;;;;;;;-0.394;-0.71;;;;;;
;;;;;;;;-0.397;-0.72;;;;;;
;;;;;;;;-0.398;-0.72;;;;;;
;;;;;;;;-0.391;-0.72;;;;;;
;;;;;;;;-0.38;-0.72;;;;;;
;;;;;;;;-0.368;-0.71;;;;;;
;;;;;;;;-0.354;-0.71;;;;;;
;;;;;;;;-0.341;-0.71;;;;;;
;;;;;;;;-0.328;-0.71;;;;;;
;;;;;;;;-0.315;-0.7;;;;;;
;;;;;;;;-0.302;-0.7;;;;;;
;;;;;;;;-0.288;-0.7;;;;;;
;;;;;;;;-0.276;-0.69;;;;;;
;;;;;;;;-0.264;-0.69;;;;;;
;;;;;;;;-0.251;-0.69;;;;;;
;;;;;;;;-0.239;-0.68;;;;;;
;;;;;;;;-0.227;-0.68;;;;;;
;;;;;;;;-0.214;-0.67;;;;;;
;;;;;;;;-0.203;-0.66;;;;;;
;;;;;;;;-0.191;-0.66;;;;;;
;;;;;;;;-0.179;-0.65;;;;;;
;;;;;;;;-0.169;-0.64;;;;;;
;;;;;;;;-0.157;-0.64;;;;;;
;;;;;;;;-0.146;-0.63;;;;;;
;;;;;;;;-0.135;-0.62;;;;;;
;;;;;;;;-0.125;-0.61;;;;;;
;;;;;;;;-0.114;-0.6;;;;;;
;;;;;;;;-0.105;-0.59;;;;;;
;;;;;;;;-0.095;-0.58;;;;;;
;;;;;;;;-0.085;-0.56;;;;;;
;;;;;;;;-0.075;-0.55;;;;;;
;;;;;;;;-0.066;-0.54;;;;;;
;;;;;;;;-0.058;-0.52;;;;;;
;;;;;;;;-0.049;-0.51;;;;;;
;;;;;;;;-0.041;-0.49;;;;;;
;;;;;;;;-0.033;-0.47;;;;;;
;;;;;;;;-0.025;-0.45;;;;;;
;;;;;;;;-0.018;-0.43;;;;;;
;;;;;;;;-0.011;-0.41;;;;;;
;;;;;;;;-0.004;-0.39;;;;;;
;;;;;;;;0.003;-0.37;;;;;;
;;;;;;;;0.009;-0.35;;;;;;
;;;;;;;;0.014;-0.32;;;;;;
;;;;;;;;0.02;-0.3;;;;;;
;;;;;;;;0.025;-0.27;;;;;;
;;;;;;;;0.03;-0.25;;;;;;
;;;;;;;;0.035;-0.22;;;;;;
;;;;;;;;0.041;-0.19;;;;;;
;;;;;;;;0.046;-0.15;;;;;;
;;;;;;;;0.052;-0.12;;;;;;
;;;;;;;;0.059;-0.09;;;;;;
;;;;;;;;0.065;-0.05;;;;;;
;;;;;;;;0.071;-0.02;;;;;;
;;;;;;;;0.079;0.02;;;;;;
;;;;;;;;0.086;0.06;;;;;;
;;;;;;;;0.095;0.1;;;;;;
;;;;;;;;0.104;0.14;;;;;;
;;;;;;;;0.114;0.18;;;;;;
;;;;;;;;0.125;0.22;;;;;;
;;;;;;;;0.137;0.27;;;;;;
;;;;;;;;0.151;0.31;;;;;;
;;;;;;;;0.169;0.36;;;;;;
;;;;;;;;0.186;0.4;;;;;;
;;;;;;;;0.208;0.44;;;;;;
;;;;;;;;0.233;0.48;;;;;;
;;;;;;;;0.259;0.52;;;;;;
;;;;;;;;0.285;0.55;;;;;;
;;;;;;;;0.31;0.58;;;;;;
;;;;;;;;0.333;0.6;;;;;;
;;;;;;;;0.352;0.61;;;;;;
;;;;;;;;0.368;0.62;;;;;;
;;;;;;;;0.38;0.63;;;;;;
;;;;;;;;0.388;0.64;;;;;;
;;;;;;;;0.392;0.64;;;;;;
;;;;;;;;0.393;0.64;;;;;;
;;;;;;;;0.388;0.64;;;;;;
;;;;;;;;0.378;0.64;;;;;;
;;;;;;;;0.365;0.64;;;;;;
;;;;;;;;0.353;0.64;;;;;;
;;;;;;;;0.34;0.63;;;;;;
;;;;;;;;0.328;0.63;;;;;;
;;;;;;;;0.314;0.63;;;;;;
;;;;;;;;0.301;0.63;;;;;;
;;;;;;;;0.288;0.62;;;;;;
;;;;;;;;0.275;0.62;;;;;;
;;;;;;;;0.262;0.62;;;;;;
;;;;;;;;0.249;0.61;;;;;;
;;;;;;;;0.236;0.61;;;;;;
;;;;;;;;0.224;0.6;;;;;;
;;;;;;;;0.212;0.6;;;;;;
;;;;;;;;0.2;0.59;;;;;;
;;;;;;;;0.188;0.58;;;;;;
;;;;;;;;0.176;0.58;;;;;;
;;;;;;;;0.165;0.57;;;;;;
;;;;;;;;0.153;0.56;;;;;;
;;;;;;;;0.142;0.55;;;;;;
;;;;;;;;0.131;0.54;;;;;;
;;;;;;;;0.12;0.53;;;;;;
;;;;;;;;0.111;0.52;;;;;;
;;;;;;;;0.101;0.51;;;;;;
;;;;;;;;0.089;0.5;;;;;;
;;;;;;;;0.081;0.49;;;;;;
;;;;;;;;0.071;0.47;;;;;;
;;;;;;;;0.061;0.46;;;;;;
